bfritza1.jpg,bfritza
bfritza2.jpg,bfritza
bfritza3.jpg,bfritza
bfritzb1.jpg,bfritzb
bfritzb2.jpg,bfritzb
bfritzb3.jpg,bfritzb
bfritzc1.jpg,bfritzc
bfritzc2.jpg,bfritzc
bfritzc3.jpg,bfritzc
bfritzd1.jpg,bfritzd
bfritzd2.jpg,bfritzd
bfritzd3.jpg,bfritzd
bfritzg1.jpg,bfritzg
bfritzg2.jpg,bfritzg
bfritzg3.jpg,bfritzg
bfritzh1.jpg,bfritzh
bfritzh2.jpg,bfritzh
bfritzh3.jpg,bfritzh
bfritzi1.jpg,bfritzi
bfritzi2.jpg,bfritzi
bfritzi3.jpg,bfritzi
bfritzl1.jpg,bfritzl
bfritzl2.jpg,bfritzl
bfritzl3.jpg,bfritzl
bfritzv1.jpg,bfritzv
bfritzv2.jpg,bfritzv
bfritzv3.jpg,bfritzv
bfritzy1.jpg,bfritzy
bfritzy2.jpg,bfritzy
bfritzy3.jpg,bfritzy
ckaisea1.jpg,ckaisea
ckaisea2.jpg,ckaisea
ckaisea3.jpg,ckaisea
ckaiseb1.jpg,ckaiseb
ckaiseb2.jpg,ckaiseb
ckaiseb3.jpg,ckaiseb
ckaisec1.jpg,ckaisec
ckaisec2.jpg,ckaisec
ckaisec3.jpg,ckaisec
ckaised1.jpg,ckaised
ckaised2.jpg,ckaised
ckaised3.jpg,ckaised
ckaiseg1.jpg,ckaiseg
ckaiseg2.jpg,ckaiseg
ckaiseg3.jpg,ckaiseg
ckaiseh1.jpg,ckaiseh
ckaiseh2.jpg,ckaiseh
ckaiseh3.jpg,ckaiseh
ckaisei1.jpg,ckaisei
ckaisei2.jpg,ckaisei
ckaisei3.jpg,ckaisei
ckaisel1.jpg,ckaisel
ckaisel2.jpg,ckaisel
ckaisel3.jpg,ckaisel
ckaisev1.jpg,ckaisev
ckaisev2.jpg,ckaisev
ckaisev3.jpg,ckaisev
ckaisey1.jpg,ckaisey
ckaisey2.jpg,ckaisey
ckaisey3.jpg,ckaisey
ermaela1.jpg,ermaela
ermaela2.jpg,ermaela
ermaela3.jpg,ermaela
ermaelb1.jpg,ermaelb
ermaelb2.jpg,ermaelb
ermaelb3.jpg,ermaelb
ermaelc1.jpg,ermaelc
ermaelc2.jpg,ermaelc
ermaelc3.jpg,ermaelc
ermaeld1.jpg,ermaeld
ermaeld2.jpg,ermaeld
ermaeld3.jpg,ermaeld
ermaelg1.jpg,ermaelg
ermaelg2.jpg,ermaelg
ermaelg3.jpg,ermaelg
ermaelh1.jpg,ermaelh
ermaelh2.jpg,ermaelh
ermaelh3.jpg,ermaelh
ermaeli1.jpg,ermaeli
ermaeli2.jpg,ermaeli
ermaeli3.jpg,ermaeli
ermaell1.jpg,ermaell
ermaell2.jpg,ermaell
ermaell3.jpg,ermaell
ermaelv1.jpg,ermaelv
ermaelv2.jpg,ermaelv
ermaelv3.jpg,ermaelv
ermaely1.jpg,ermaely
ermaely2.jpg,ermaely
ermaely3.jpg,ermaely
gbanava1.jpg,gbanava
gbanava2.jpg,gbanava
gbanava3.jpg,gbanava
gbanavb1.jpg,gbanavb
gbanavb2.jpg,gbanavb
gbanavb3.jpg,gbanavb
gbanavc1.jpg,gbanavc
gbanavc2.jpg,gbanavc
gbanavc3.jpg,gbanavc
gbanavd1.jpg,gbanavd
gbanavd2.jpg,gbanavd
gbanavd3.jpg,gbanavd
gbanavg1.jpg,gbanavg
gbanavg2.jpg,gbanavg
gbanavg3.jpg,gbanavg
gbanavh1.jpg,gbanavh
gbanavh2.jpg,gbanavh
gbanavh3.jpg,gbanavh
gbanavi1.jpg,gbanavi
gbanavi2.jpg,gbanavi
gbanavi3.jpg,gbanavi
gbanavl1.jpg,gbanavl
gbanavl2.jpg,gbanavl
gbanavl3.jpg,gbanavl
gbanavv1.jpg,gbanavv
gbanavv2.jpg,gbanavv
gbanavv3.jpg,gbanavv
gbanavy1.jpg,gbanavy
gbanavy2.jpg,gbanavy
gbanavy3.jpg,gbanavy
gpetera1.jpg,gpetera
gpetera2.jpg,gpetera
gpetera3.jpg,gpetera
gpeterb1.jpg,gpeterb
gpeterb2.jpg,gpeterb
gpeterb3.jpg,gpeterb
gpeterc1.jpg,gpeterc
gpeterc2.jpg,gpeterc
gpeterc3.jpg,gpeterc
gpeterd1.jpg,gpeterd
gpeterd2.jpg,gpeterd
gpeterd3.jpg,gpeterd
gpeterg1.jpg,gpeterg
gpeterg2.jpg,gpeterg
gpeterg3.jpg,gpeterg
gpeterh1.jpg,gpeterh
gpeterh2.jpg,gpeterh
gpeterh3.jpg,gpeterh
gpeteri1.jpg,gpeteri
gpeteri2.jpg,gpeteri
gpeteri3.jpg,gpeteri
gpeterl1.jpg,gpeterl
gpeterl2.jpg,gpeterl
gpeterl3.jpg,gpeterl
gpeterv1.jpg,gpeterv
gpeterv2.jpg,gpeterv
gpeterv3.jpg,gpeterv
gpetery1.jpg,gpetery
gpetery2.jpg,gpetery
gpetery3.jpg,gpetery
haloosa1.jpg,haloosa
haloosa2.jpg,haloosa
haloosa3.jpg,haloosa
haloosb1.jpg,haloosb
haloosb2.jpg,haloosb
haloosb3.jpg,haloosb
haloosc1.jpg,haloosc
haloosc2.jpg,haloosc
haloosc3.jpg,haloosc
haloosd1.jpg,haloosd
haloosd2.jpg,haloosd
haloosd3.jpg,haloosd
haloosg1.jpg,haloosg
haloosg2.jpg,haloosg
haloosg3.jpg,haloosg
haloosh1.jpg,haloosh
haloosh2.jpg,haloosh
haloosi1.jpg,haloosi
haloosi2.jpg,haloosi
haloosi3.jpg,haloosi
haloosl1.jpg,haloosl
haloosl2.jpg,haloosl
haloosl3.jpg,haloosl
haloosv1.jpg,haloosv
haloosv2.jpg,haloosv
haloosv3.jpg,haloosv
haloosy1.jpg,haloosy
haloosy2.jpg,haloosy
haloosy3.jpg,haloosy
hnevena1.jpg,hnevena
hnevena2.jpg,hnevena
hnevena3.jpg,hnevena
hnevenb1.jpg,hnevenb
hnevenb2.jpg,hnevenb
hnevenb3.jpg,hnevenb
hnevenc1.jpg,hnevenc
hnevenc2.jpg,hnevenc
hnevenc3.jpg,hnevenc
hnevend1.jpg,hnevend
hnevend2.jpg,hnevend
hnevend3.jpg,hnevend
hneveng1.jpg,hneveng
hneveng2.jpg,hneveng
hneveng3.jpg,hneveng
hnevenh1.jpg,hnevenh
hnevenh2.jpg,hnevenh
hnevenh3.jpg,hnevenh
hneveni1.jpg,hneveni
hneveni2.jpg,hneveni
hneveni3.jpg,hneveni
hnevenl1.jpg,hnevenl
hnevenl2.jpg,hnevenl
hnevenl3.jpg,hnevenl
hnevenv1.jpg,hnevenv
hnevenv2.jpg,hnevenv
hnevenv3.jpg,hnevenv
hneveny1.jpg,hneveny
hneveny2.jpg,hneveny
hneveny3.jpg,hneveny
jtriesa1.jpg,jtriesa
jtriesa2.jpg,jtriesa
jtriesa3.jpg,jtriesa
jtriesb1.jpg,jtriesb
jtriesb2.jpg,jtriesb
jtriesb3.jpg,jtriesb
jtriesc1.jpg,jtriesc
jtriesc2.jpg,jtriesc
jtriesc3.jpg,jtriesc
jtriesd1.jpg,jtriesd
jtriesd2.jpg,jtriesd
jtriesd3.jpg,jtriesd
jtriesg1.jpg,jtriesg
jtriesg2.jpg,jtriesg
jtriesg3.jpg,jtriesg
jtriesh1.jpg,jtriesh
jtriesh2.jpg,jtriesh
jtriesh3.jpg,jtriesh
jtriesi1.jpg,jtriesi
jtriesi2.jpg,jtriesi
jtriesi3.jpg,jtriesi
jtriesl1.jpg,jtriesl
jtriesl2.jpg,jtriesl
jtriesl3.jpg,jtriesl
jtriesv1.jpg,jtriesv
jtriesv2.jpg,jtriesv
jtriesv3.jpg,jtriesv
jtriesy1.jpg,jtriesy
jtriesy2.jpg,jtriesy
jtriesy3.jpg,jtriesy
jwiegha1.jpg,jwiegha
jwiegha2.jpg,jwiegha
jwiegha3.jpg,jwiegha
jwieghb1.jpg,jwieghb
jwieghb2.jpg,jwieghb
jwieghb3.jpg,jwieghb
jwieghc1.jpg,jwieghc
jwieghc2.jpg,jwieghc
jwieghc3.jpg,jwieghc
jwieghd1.jpg,jwieghd
jwieghd2.jpg,jwieghd
jwieghd3.jpg,jwieghd
jwieghg1.jpg,jwieghg
jwieghg2.jpg,jwieghg
jwieghg3.jpg,jwieghg
jwieghh1.jpg,jwieghh
jwieghh2.jpg,jwieghh
jwieghh3.jpg,jwieghh
jwieghi1.jpg,jwieghi
jwieghi2.jpg,jwieghi
jwieghi3.jpg,jwieghi
jwieghl1.jpg,jwieghl
jwieghl2.jpg,jwieghl
jwieghl3.jpg,jwieghl
jwieghv1.jpg,jwieghv
jwieghv2.jpg,jwieghv
jwieghv3.jpg,jwieghv
jwieghy1.jpg,jwieghy
jwieghy2.jpg,jwieghy
jwieghy3.jpg,jwieghy
kbrauea1.jpg,kbrauea
kbrauea2.jpg,kbrauea
kbrauea3.jpg,kbrauea
kbraueb1.jpg,kbraueb
kbraueb2.jpg,kbraueb
kbraueb3.jpg,kbraueb
kbrauec1.jpg,kbrauec
kbrauec2.jpg,kbrauec
kbrauec3.jpg,kbrauec
kbraued1.jpg,kbraued
kbraued2.jpg,kbraued
kbraued3.jpg,kbraued
kbraueg1.jpg,kbraueg
kbraueg2.jpg,kbraueg
kbraueg3.jpg,kbraueg
kbraueh1.jpg,kbraueh
kbraueh2.jpg,kbraueh
kbraueh3.jpg,kbraueh
kbrauei1.jpg,kbrauei
kbrauei2.jpg,kbrauei
kbrauei3.jpg,kbrauei
kbrauel1.jpg,kbrauel
kbrauel2.jpg,kbrauel
kbrauel3.jpg,kbrauel
kbrauev1.jpg,kbrauev
kbrauev2.jpg,kbrauev
kbrauev3.jpg,kbrauev
kbrauey1.jpg,kbrauey
kbrauey2.jpg,kbrauey
kbrauey3.jpg,kbrauey
mbeckea1.jpg,mbeckea
mbeckea2.jpg,mbeckea
mbeckea3.jpg,mbeckea
mbeckeb1.jpg,mbeckeb
mbeckeb2.jpg,mbeckeb
mbeckeb3.jpg,mbeckeb
mbeckec1.jpg,mbeckec
mbeckec2.jpg,mbeckec
mbeckec3.jpg,mbeckec
mbecked1.jpg,mbecked
mbecked2.jpg,mbecked
mbecked3.jpg,mbecked
mbeckeg1.jpg,mbeckeg
mbeckeg2.jpg,mbeckeg
mbeckeg3.jpg,mbeckeg
mbeckeh1.jpg,mbeckeh
mbeckeh2.jpg,mbeckeh
mbeckeh3.jpg,mbeckeh
mbeckei1.jpg,mbeckei
mbeckei2.jpg,mbeckei
mbeckei3.jpg,mbeckei
mbeckel1.jpg,mbeckel
mbeckel2.jpg,mbeckel
mbeckel3.jpg,mbeckel
mbeckev1.jpg,mbeckev
mbeckev3.jpg,mbeckev
mbeckey1.jpg,mbeckey
mbeckey2.jpg,mbeckey
mbeckey3.jpg,mbeckey
mkefala1.jpg,mkefala
mkefala2.jpg,mkefala
mkefala3.jpg,mkefala
mkefalb1.jpg,mkefalb
mkefalb2.jpg,mkefalb
mkefalb3.jpg,mkefalb
mkefalc1.jpg,mkefalc
mkefalc2.jpg,mkefalc
mkefalc3.jpg,mkefalc
mkefald1.jpg,mkefald
mkefald2.jpg,mkefald
mkefald3.jpg,mkefald
mkefalg1.jpg,mkefalg
mkefalg2.jpg,mkefalg
mkefalg3.jpg,mkefalg
mkefalh1.jpg,mkefalh
mkefalh2.jpg,mkefalh
mkefalh3.jpg,mkefalh
mkefali1.jpg,mkefali
mkefali2.jpg,mkefali
mkefali3.jpg,mkefali
mkefall1.jpg,mkefall
mkefall2.jpg,mkefall
mkefall3.jpg,mkefall
mkefalv1.jpg,mkefalv
mkefalv2.jpg,mkefalv
mkefalv3.jpg,mkefalv
mkefaly1.jpg,mkefaly
mkefaly2.jpg,mkefaly
mkefaly3.jpg,mkefaly
mpoetza1.jpg,mpoetza
mpoetza2.jpg,mpoetza
mpoetza3.jpg,mpoetza
mpoetzb1.jpg,mpoetzb
mpoetzb2.jpg,mpoetzb
mpoetzb3.jpg,mpoetzb
mpoetzc1.jpg,mpoetzc
mpoetzc2.jpg,mpoetzc
mpoetzc3.jpg,mpoetzc
mpoetzd1.jpg,mpoetzd
mpoetzd2.jpg,mpoetzd
mpoetzd3.jpg,mpoetzd
mpoetzg1.jpg,mpoetzg
mpoetzg2.jpg,mpoetzg
mpoetzg3.jpg,mpoetzg
mpoetzh1.jpg,mpoetzh
mpoetzh2.jpg,mpoetzh
mpoetzh3.jpg,mpoetzh
mpoetzi1.jpg,mpoetzi
mpoetzi2.jpg,mpoetzi
mpoetzi3.jpg,mpoetzi
mpoetzl1.jpg,mpoetzl
mpoetzl2.jpg,mpoetzl
mpoetzl3.jpg,mpoetzl
mpoetzv1.jpg,mpoetzv
mpoetzv2.jpg,mpoetzv
mpoetzv3.jpg,mpoetzv
mpoetzy1.jpg,mpoetzy
mpoetzy2.jpg,mpoetzy
mpoetzy3.jpg,mpoetzy
mrinnea1.jpg,mrinnea
mrinnea2.jpg,mrinnea
mrinnea3.jpg,mrinnea
mrinneb1.jpg,mrinneb
mrinneb2.jpg,mrinneb
mrinneb3.jpg,mrinneb
mrinnec1.jpg,mrinnec
mrinnec2.jpg,mrinnec
mrinnec3.jpg,mrinnec
mrinned1.jpg,mrinned
mrinned2.jpg,mrinned
mrinned3.jpg,mrinned
mrinneg1.jpg,mrinneg
mrinneg2.jpg,mrinneg
mrinneg3.jpg,mrinneg
mrinneh1.jpg,mrinneh
mrinneh2.jpg,mrinneh
mrinneh3.jpg,mrinneh
mrinnei1.jpg,mrinnei
mrinnei2.jpg,mrinnei
mrinnei3.jpg,mrinnei
mrinnel1.jpg,mrinnel
mrinnel2.jpg,mrinnel
mrinnel3.jpg,mrinnel
mrinnev1.jpg,mrinnev
mrinnev2.jpg,mrinnev
mrinnev3.jpg,mrinnev
mrinney1.jpg,mrinney
mrinney2.jpg,mrinney
mrinney3.jpg,mrinney
mschuea1.jpg,mschuea
mschuea2.jpg,mschuea
mschuea3.jpg,mschuea
mschueb1.jpg,mschueb
mschueb2.jpg,mschueb
mschueb3.jpg,mschueb
mschuec1.jpg,mschuec
mschuec2.jpg,mschuec
mschuec3.jpg,mschuec
mschued1.jpg,mschued
mschued2.jpg,mschued
mschued3.jpg,mschued
mschueg1.jpg,mschueg
mschueg2.jpg,mschueg
mschueg3.jpg,mschueg
mschueh1.jpg,mschueh
mschueh2.jpg,mschueh
mschueh3.jpg,mschueh
mschuei1.jpg,mschuei
mschuei2.jpg,mschuei
mschuei3.jpg,mschuei
mschuel1.jpg,mschuel
mschuel2.jpg,mschuel
mschuel3.jpg,mschuel
mschuev1.jpg,mschuev
mschuev2.jpg,mschuev
mschuev3.jpg,mschuev
mschuey1.jpg,mschuey
mschuey2.jpg,mschuey
mschuey3.jpg,mschuey
nkruega1.jpg,nkruega
nkruega2.jpg,nkruega
nkruega3.jpg,nkruega
nkruegb1.jpg,nkruegb
nkruegb2.jpg,nkruegb
nkruegb3.jpg,nkruegb
nkruegc1.jpg,nkruegc
nkruegc2.jpg,nkruegc
nkruegc3.jpg,nkruegc
nkruegd1.jpg,nkruegd
nkruegd2.jpg,nkruegd
nkruegd3.jpg,nkruegd
nkruegg1.jpg,nkruegg
nkruegg2.jpg,nkruegg
nkruegg3.jpg,nkruegg
nkruegh1.jpg,nkruegh
nkruegh2.jpg,nkruegh
nkruegh3.jpg,nkruegh
nkruegi1.jpg,nkruegi
nkruegi2.jpg,nkruegi
nkruegi3.jpg,nkruegi
nkruegl1.jpg,nkruegl
nkruegl2.jpg,nkruegl
nkruegl3.jpg,nkruegl
nkruegv1.jpg,nkruegv
nkruegv2.jpg,nkruegv
nkruegv3.jpg,nkruegv
nkruegy1.jpg,nkruegy
nkruegy2.jpg,nkruegy
nkruegy3.jpg,nkruegy
orehsea1.jpg,orehsea
orehsea2.jpg,orehsea
orehsea3.jpg,orehsea
orehseb1.jpg,orehseb
orehseb2.jpg,orehseb
orehseb3.jpg,orehseb
orehsec1.jpg,orehsec
orehsec2.jpg,orehsec
orehsec3.jpg,orehsec
orehsed1.jpg,orehsed
orehsed2.jpg,orehsed
orehsed3.jpg,orehsed
orehseg1.jpg,orehseg
orehseg2.jpg,orehseg
orehseg3.jpg,orehseg
orehseh1.jpg,orehseh
orehseh2.jpg,orehseh
orehseh3.jpg,orehseh
orehsei1.jpg,orehsei
orehsei2.jpg,orehsei
orehsei3.jpg,orehsei
orehsel1.jpg,orehsel
orehsel2.jpg,orehsel
orehsel3.jpg,orehsel
orehsev1.jpg,orehsev
orehsev2.jpg,orehsev
orehsev3.jpg,orehsev
orehsey1.jpg,orehsey
orehsey2.jpg,orehsey
orehsey3.jpg,orehsey
pleucha1.jpg,pleucha
pleucha2.jpg,pleucha
pleucha3.jpg,pleucha